{"cameraMode":{"drawMode":0,"name":"Shaded","section":"Shading Mode"},"sceneLighting":true,"audioPlay":false,"sceneViewState":{"m_AlwaysRefresh":false,"showFog":true,"showSkybox":true,"showFlares":true,"showImageEffects":true,"showParticleSystems":true,"showVisualEffectGraphs":true,"m_FxEnabled":false},"in2DMode":false,"pivot":{"x":0.152868390083313,"y":0.9369714856147766,"z":0.8742160797119141},"rotation":{"x":0.058258164674043658,"y":0.13228489458560944,"z":-0.007791073527187109,"w":0.989482045173645},"size":3.0205612182617189,"orthographic":false}